,sector,price,dcf_value,comps_value,fair_value,upside,wacc,beta,terminal_share,peer_count,dcf_vs_comps_gap,dcf_failed,confidence
AAPL,Technology,308.91,109.15629642096513,207.33199064778654,148.4265741116937,-0.5195151529193174,0.09905139664743375,1.0574766663037605,0.5459542167418141,13,-0.4735192765963515,False,high
MSFT,Technology,464.72,275.10163593963665,510.0768532816227,369.09172287643105,-0.20577611706741472,0.09835695172111279,1.0684502359335104,0.5529434479128463,13,-0.4606663012254978,False,high
GOOGL,Communication Services,356.13,433.50273358692203,,433.50273358692203,0.21725980284424806,0.10370779968214175,1.1566300330699593,0.54879599399337,1,,False,medium
AMZN,Consumer Cyclical,271.58,96.53489291826959,377.0349237291445,208.73490524261956,-0.2314054597443863,0.10789236893410589,1.3018420044014407,0.5184825968430944,3,-0.7439629942938161,False,low
META,Communication Services,556.71,605.1012330353528,,605.1012330353528,0.0869235922389624,0.10018498328582069,1.159619365072853,0.573508703594232,1,,False,medium
NVDA,Technology,200.75,415.92302524592213,104.07682944437602,291.1845469253037,0.4504834217947882,0.14139253929658788,1.8122037245973228,0.5383465565349165,13,2.996307607239445,False,medium
AVGO,Technology,389.28,197.83846959908004,148.68541440576735,178.17724752175496,-0.5422902601681181,0.11159821690502884,1.305019990214645,0.5732546961788307,13,0.3305842431805208,False,high
TSLA,Consumer Cyclical,311.21,21.95397601247446,55.66201511398768,35.43719165307975,-0.8861309352106945,0.12580423577249472,1.5463405412251334,0.46878022770148575,3,-0.6055842396737537,False,low
ORCL,Technology,129.8775,82.08274090108374,153.00148823107165,110.45023983307891,-0.14958141454001728,0.09675340236049028,1.484177456003322,0.568445998027456,5,-0.46351671575169473,False,high
ADBE,Technology,250.41,205.654367542324,300.50308287786356,243.59385367653982,-0.027219944584721767,0.10636198167546736,1.2633895617747564,0.5028897461445124,6,-0.3156330857813191,False,high
INTC,Technology,90.2,,81.42622081515748,81.42622081515748,-0.09727027921111442,0.1304984396179835,1.8259643407376243,,5,,True,low
CSCO,Technology,115.99,34.589946440435924,71.92734914305886,49.524907521485105,-0.5730243338090775,0.09401240794304337,1.0109650630734532,0.5547868387035946,5,-0.5190988288524474,False,medium
ACN,Technology,165.92,137.77588875404442,351.6751790627656,223.3356048775329,0.34604390596391577,0.09498079992932928,1.0578516832422937,0.5282392302680431,6,-0.6082297046916276,False,medium
IBM,Technology,223.785,87.7956865741108,274.7531229259981,162.57866111486572,-0.2735051003647888,0.0757568712413458,0.8037739699294856,0.6117762605648291,9,-0.6804560922215335,False,medium
TXN,Technology,275.74,93.15656639837891,123.85601124840608,105.43634433838977,-0.617624050415646,0.10572017380303014,1.2284890577435643,0.53663156418155,9,-0.24786398771115148,False,high
QCOM,Technology,147.61,31.145224716154132,203.89810531001422,100.24637695369817,-0.32087001589527697,0.11249184787391522,1.4403366396066835,0.4139470522689901,9,-0.8472510341927907,False,medium
NOW,Technology,111.2584,34.50413525719276,43.34569946543617,38.04076094049012,-0.65808639221407,0.09012051702241153,0.9519470176414526,0.6075193981226996,6,-0.20397788747863366,False,high
INTU,Technology,316.07,190.94988618701393,326.7944406300154,245.28770796421452,-0.2239449869832173,0.0910779886913778,0.9757087057632868,0.5633878444102737,6,-0.4156880826403031,False,high
JNJ,Healthcare,256.41,191.4780302471596,217.44439538076318,201.86457630060104,-0.2127273651550211,0.06645428641030947,0.49065203546697156,0.6851546860143151,13,-0.11941611595982649,False,high
UNH,Healthcare,414.22,146.31795063215756,653.3572834078894,349.13368374245033,-0.15712982535258968,0.07738009931381776,0.7489698213664118,0.5999225791176305,9,-0.776052162655985,False,medium
ABBV,Healthcare,250.875,45.29920177398574,172.12547983112367,96.02971299684091,-0.6172208749503103,0.065,0.5270871964733643,0.7096644329288564,5,-0.7368245432435114,False,medium
ABT,Healthcare,105.74,62.004617521452076,115.52677755783907,83.41348153600688,-0.2111454365802261,0.07424554158623993,0.7224502501605463,0.6579774650730522,12,-0.46328791616810094,False,high
DHR,Healthcare,195.074,36.155767165892705,153.32280854614743,83.02258371799459,-0.5744046683925352,0.07961960688583225,0.8461395942756165,0.6054710150537194,11,-0.7641853321842167,False,medium
AMGN,Healthcare,385.16,222.63953229887258,351.23351400937287,274.07712498307274,-0.28840709060371605,0.06824925125951194,0.6124386754969082,0.67181459797147,13,-0.3661210464872343,False,high
BMY,Healthcare,65.3,56.88158685458381,118.30720507483628,81.45183414268479,0.2473481491988483,0.065,0.48320896158618254,0.691573883749712,11,-0.5192043728984819,False,medium
GILD,Healthcare,130.21,107.55547813686897,151.95467056730902,125.31515510904498,-0.037591927585861495,0.06805274353050585,0.5433511683493957,0.6687231111474735,12,-0.29218708621906575,False,high
CVS,Healthcare,104.44,7.829672464769301,255.90510307193927,107.0598447076373,0.02508468697469657,0.065,0.7331665580768834,0.6927308771432176,11,-0.9694040002689268,False,medium
SYK,Healthcare,325.69,109.58948092583455,307.2291785793773,188.64535998725165,-0.4207824618893683,0.08234723405524672,0.8402072383037653,0.6037618223615338,10,-0.643297288907992,False,medium
ISRG,Healthcare,353.33,106.38926110115335,219.57560025367331,151.66379676216133,-0.5707587899069954,0.11387136431843231,1.3067520785169513,0.4915425001249058,11,-0.515477762655582,False,medium
REGN,Healthcare,762.63,1410.7438680850003,1110.532675978525,1290.65939124241,0.6923795172526783,0.0661665348994002,0.45818797868337924,0.7183773085718815,10,0.27033080484727723,False,high
VRTX,Healthcare,477.1,285.13701602434924,371.87149458201395,319.8308074474151,-0.32963570017309773,0.07065694680062926,0.5314446648927746,0.6634452163062352,10,-0.23323777116919076,False,high
HCA,Healthcare,402.58,459.0370566657434,1022.50377840419,684.4237453611221,0.7000937586594518,0.0760916542463839,1.0669699479993975,0.6351866082814719,10,-0.5510656621903566,False,medium
SPGI,Financial Services,411.77,177.98134526405002,,177.98134526405002,-0.5677651473782693,0.09189390194526034,1.0472331015216123,0.5594945897502547,0,,False,medium
KO,Consumer Defensive,87.585,50.528761829109655,71.73404933786468,59.010876832611665,-0.32624448441386455,0.06861127374581535,0.5567101622424504,0.6723249432979688,4,-0.29560979345915517,False,medium
PEP,Consumer Defensive,139.56,91.76178782208999,204.91569895404407,137.02335227487163,-0.018176037010091517,0.065,0.5671225399132509,0.6935918662324365,4,-0.5521973753574188,False,low
WMT,Consumer Defensive,111.2,35.27505985195406,109.03709876551824,64.77987541737973,-0.4174471635127722,0.07821074952483235,0.7305065475523924,0.6191021100201709,4,-0.6764857076047827,False,low
COST,Consumer Defensive,951.89,374.4686459876481,537.2030949611823,439.56242557706173,-0.538221406279022,0.09067110446659601,0.9110201900650909,0.5984088951267065,4,-0.3029290979518523,False,medium
NKE,Consumer Cyclical,41.715,,148.67788163708443,148.67788163708443,2.5641347629649864,,1.0740065154693847,,3,,True,low
SBUX,Consumer Cyclical,105.25,0.4625325197627954,72.01059098614346,29.08175590631506,-0.7236887799875054,0.08575676585822566,0.9815363760296378,0.5471828168014987,3,-0.9935768820470895,False,low
MDLZ,Consumer Defensive,62.31,18.58371192361663,90.54816087974532,47.36949150606811,-0.23977705815971584,0.06507073586156349,0.5907761961417541,0.6863926952086488,4,-0.794764335983619,False,low
CVX,Energy,196.85,63.74111699275256,185.35112507467116,112.38512022552,-0.4290824474192533,0.07337643583671531,0.6691140807024041,0.629862391324747,8,-0.6561061230835604,False,medium
COP,Energy,120.51,63.93964549513069,131.84577092181766,91.10209566580548,-0.24402874727569934,0.065,0.4132220941281485,0.6552799694113084,8,-0.515042120440512,False,medium
SLB,Energy,49.595,26.90915119257125,44.63887585097966,34.001041055934614,-0.31442602972205635,0.07985543395254738,0.8301121237852324,0.6024881016097225,7,-0.3971812533450998,False,high
EOG,Energy,148.66,240.51045705488607,184.47995279559314,218.0982553511689,0.4670944124254601,0.06690627518217818,0.5177451955367751,0.7062602906462406,7,0.3037213714022122,False,high
PSX,Energy,211.675,152.53608061003703,194.7344099843729,169.41541235977138,-0.1996437351611131,0.07356762161217578,0.7975611403379916,0.6438256421047055,7,-0.21669683019925545,False,high
MPC,Energy,316.54,353.30916419775235,239.03979248267237,307.60141551172035,-0.028238404272065698,0.06716657692320831,0.6735176167682572,0.6870833449355233,7,0.4780349352226081,False,high
VLO,Energy,312.975,874.4432516983243,489.70220897510524,720.5468346090366,1.3022504500648187,0.07597762104565828,0.7072812652627942,0.7335433303359693,7,0.7856632779509842,False,medium
OXY,Energy,57.06,13.169420588242556,59.33525800275423,31.635755554047226,-0.4455703548186606,0.065,0.4393088165593588,0.6436855288993775,7,-0.7780506728793316,False,medium
KMI,Energy,32.18,,21.066169730135897,21.066169730135897,-0.34536452050541033,,0.7043587407229406,,7,,True,low
HON,Industrials,243.05,157.33908747543273,522.8395432442271,303.5392697829505,0.24887582712590195,0.07390533571690375,0.907113420981094,0.6335193631305499,5,-0.699068118491686,False,medium
GE,Industrials,360.33,129.64438935533192,173.04115353921742,147.00309502888612,-0.5920320399942105,0.10684134746013636,1.2485317875916793,0.52718002236779,5,-0.25078868983643365,False,high
UNP,Industrials,292.12,152.265797660538,376.00065971962323,241.75974248417208,-0.1723957877441734,0.08593310993969806,0.9725953960995918,0.5921079513110278,7,-0.5950384827141533,False,medium
RTX,Industrials,215.15,131.3587183108387,238.32756488478705,174.14625694041803,-0.19058211972847772,0.06733187327625262,0.5314890827132572,0.7011018589185565,5,-0.44883119846275243,False,high
LMT,Industrials,583.0,489.55670141709874,795.6927675146123,612.0111278561042,0.04976179735180808,0.065,0.3996740562105187,0.7048021639414669,7,-0.3847415467325982,False,high
DE,Industrials,592.75,15.662062219626097,495.87418963806977,207.7469131870036,-0.649520180199066,0.08339043388054998,0.9241424222013584,0.5175547578966396,7,-0.9684152501846132,False,medium
BA,Industrials,216.18,29.31784019514717,80.17069867984652,49.65898358902691,-0.7702887242620644,0.09276687139540245,1.1499986157417554,0.5472182223395226,7,-0.6343072883495133,False,medium
MMM,Industrials,176.27,54.639175237608065,127.11214807745384,83.62836437354638,-0.5255666626564568,0.09208445465774762,1.0088389784877698,0.5304890236485891,5,-0.5701498553520272,False,medium
LIN,Basic Materials,478.38,171.98224011350618,331.98485661004696,235.9832867121225,-0.5067032762403895,0.08078949367301062,0.8094927889721255,0.6081055640179016,6,-0.48195757520494864,False,high
SHW,Basic Materials,340.9,79.9401739588989,278.78625752643507,159.47860738591336,-0.5321836098975847,0.08982809625057822,1.0595365067283424,0.5596558074576985,6,-0.7132564041420915,False,medium
NEM,Basic Materials,93.71,139.1283978108585,209.06654698167455,167.10365747918493,0.783199845045192,0.07518567932686723,0.6551267309807421,0.6585702865193452,6,-0.3345257774642749,False,high
DOW,Basic Materials,30.29,,108.16295814094717,108.16295814094717,2.570913111289111,0.065,0.6269312862795737,,6,,True,low
ECL,Basic Materials,277.81,86.9628374523128,188.06762419335587,127.40475214873003,-0.541396090318095,0.08385346176286188,0.9187927186684779,0.596932098271455,6,-0.5375980431224852,False,medium
PPG,Basic Materials,110.51,75.10672390808985,202.2704141367781,125.97219999956515,0.13991674961148437,0.08390641544554943,1.0455477705325786,0.5884487996877746,6,-0.62868161303461,False,medium
VMC,Basic Materials,268.58,54.32322928400891,196.74584545609102,111.29227575284176,-0.5856270915450079,0.09122573950260197,1.0330243964105739,0.5346783996813353,5,-0.7238913525310878,False,medium
NEE,Utilities,86.9309,42.84585643004714,41.359832089786835,42.25144669394302,-0.513965152851943,0.06849652832123813,0.7745153040116954,0.68895791120663,6,0.03592916762897724,False,high
DUK,Utilities,125.345,125.20830551052785,144.1528497493841,132.78612320607036,0.05936513786804709,0.065,0.5871644389213575,0.7068740195791564,6,-0.13141983853799732,False,high
SO,Utilities,94.605,18.143096961645806,87.0304271699925,45.69802904498449,-0.5169596845305799,0.065,0.556561705386568,0.674233107970223,6,-0.7915315648605546,False,medium
D,Utilities,69.2,140.92769132244624,66.45720509143277,111.13949683004086,0.6060620929196654,0.065,0.7654437723823261,0.733644880177119,6,1.1205780641625829,False,medium
AEP,Utilities,127.85,93.75098518554613,124.0124685538708,105.855578532876,-0.1720330189059367,0.065,0.677756117233681,0.6952966691330268,6,-0.24401968383670336,False,high
XEL,Utilities,78.2,18.08076207129483,72.44365042029634,39.825917410895435,-0.49071716865862613,0.065,0.5951424542279062,0.6831776509912195,5,-0.7504161929113777,False,medium
PEG,Utilities,76.68,139.40536512101778,91.45271052071463,120.22430328089652,0.5678704131572314,0.065,0.6719965115567381,0.7259560575643429,5,0.5243437217690947,False,medium
